data;horario;n_da_ocorrencia;tipo_de_ocorrencia;km;trecho;sentido;tipo_de_acidente;automovel;bicicleta;caminhao;moto;onibus;outros;tracao_animal;transporte_de_cargas_especiais;trator_maquinas;utilitarios;ilesos;levemente_feridos;moderadamente_feridos;gravemente_feridos;mortos
"14/03/2024";"09:26:37";"166";"Sinistro s";"22.02";"BR-277/PR";"Oeste";"Queda de Moto";0;0;0;1;0;0;0;0;0;0;1;0;0;0;0
"15/03/2024";"07:55:30";"40";"Sinistro c";"1.3";"BR-277/PR";"Leste";"Atropelamento";0;1;0;1;0;0;0;0;0;0;1;1;1;0;0
"15/03/2024";"08:49:56";"47";"Sinistro s";"83.3";"BR-277/PR";"Oeste";"Engavetamento";3;0;0;0;0;0;0;0;0;0;3;0;0;0;0
"15/03/2024";"09:05:43";"48";"Sinistro c";"3.12";"PR-855";"Leste";"Capotamento";0;0;0;0;0;0;0;0;0;1;0;0;1;0;0
"15/03/2024";"01:15:31";"81";"Sinistro c";"1.3";"PR-407";"Norte";"Colisão Lateral";1;0;0;1;0;0;0;0;0;0;1;0;1;0;0
"15/03/2024";"01:37:00";"85";"Sinistro s";"291";"PR-151";"Leste";"Saída de Pista";1;0;0;0;0;0;0;0;0;0;2;0;0;0;0
"16/03/2024";"01:54:00";"8";"Sinistro s";"36.8";"BR-277/PR";"Leste";"Choque";0;0;1;0;0;0;0;0;0;0;2;0;0;0;0
"16/03/2024";"05:18:25";"19";"Sinistro s";"264.2";"PR-151";"Oeste";"Capotamento";1;0;0;0;0;0;0;0;0;0;2;0;0;0;0
"16/03/2024";"05:20:44";"20";"Sinistro s";"3.2";"BR-153/PR";"Sul";"Choque";1;0;0;0;0;0;0;0;0;0;1;0;0;0;0
"16/03/2024";"05:30:56";"21";"Sinistro c";"26.64";"BR-277/PR";"Oeste";"Saída de Pista";0;0;0;0;0;0;0;0;0;0;0;1;0;0;0
"16/03/2024";"07:02:21";"28";"Sinistro c";"209.1";"PR-151";"Leste";"Queda de Moto";0;0;0;1;0;0;0;0;0;0;0;1;0;0;0
"16/03/2024";"07:24:32";"33";"Sinistro s";"28.77";"BR-153/PR";"Norte";"Saída de Pista";1;0;0;0;0;0;0;0;0;0;1;0;0;0;0
"16/03/2024";"08:39:00";"133";"Sinistro c";"13.05";"PR-508";"Sul";"Colisão Transversal";2;0;0;0;0;0;0;0;0;0;0;0;1;0;1
"16/03/2024";"09:14:21";"137";"Sinistro s";"309.615";"PR-151";"Oeste";"Choque";1;0;0;0;0;0;0;0;0;0;1;0;0;0;0
"17/03/2024";"07:26:41";"25";"Sinistro s";"31.68";"BR-277/PR";"Leste";"Choque";1;0;0;0;0;0;0;0;0;0;1;0;0;0;0
"17/03/2024";"07:34:56";"26";"Sinistro s";"32.76";"BR-277/PR";"Leste";"Saída de Pista";1;0;0;0;0;0;0;0;0;0;1;0;0;0;0
"17/03/2024";"07:43:55";"27";"Sinistro s";"43.8";"BR-277/PR";"Oeste";"Choque";0;0;0;0;0;0;0;0;0;0;1;0;0;0;0
"17/03/2024";"08:15:32";"28";"Sinistro s";"9.82";"BR-277/PR";"Leste";"Capotamento";1;0;0;0;0;0;0;0;0;0;2;0;0;0;0
"17/03/2024";"08:16:45";"29";"Sinistro c";"3.49";"PR-407";"Sul";"Colisão Traseira";2;0;0;0;0;0;0;0;0;0;2;1;0;0;0
"17/03/2024";"09:34:23";"38";"Sinistro s";"306.9";"PR-151";"Oeste";"Saída de Pista";1;0;0;0;0;0;0;0;0;0;1;0;0;0;0
"17/03/2024";"11:35:04";"46";"Sinistro s";"51.37";"BR-277/PR";"Leste";"Tombamento";0;0;1;0;0;0;0;0;0;0;1;0;0;0;0
"17/03/2024";"12:43:32";"52";"Sinistro c";"12.2";"BR-277/PR";"Leste";"Queda de Moto";0;0;0;1;0;0;0;0;0;0;0;1;0;0;0
"17/03/2024";"06:49:08";"90";"Sinistro c";"216.569";"PR-151";"Leste";"Atropelamento";1;0;0;0;0;0;0;0;0;0;1;0;0;0;1
"17/03/2024";"08:35:10";"108";"Sinistro s";"12.5";"BR-277/PR";"Leste";"Choque";0;0;0;0;0;0;0;0;0;0;1;0;0;0;0
"18/03/2024";"06:23:34";"33";"Sinistro c";"60.252";"BR-277/PR";"Oeste";"Choque";0;0;0;1;0;0;0;0;0;0;0;1;0;0;0
"18/03/2024";"07:56:58";"50";"Sinistro c";"81.131";"BR-277/PR";"Oeste";"Colisão Traseira";1;0;0;1;0;0;0;0;0;0;1;2;0;0;0
"18/03/2024";"11:35:00";"93";"Sinistro c";"6.81";"BR-277/PR";"Leste";"Choque";0;0;0;0;0;0;0;0;0;0;0;1;0;0;0
"19/03/2024";"12:07:56";"126";"Sinistro c";"19.05";"BR-153/PR";"Sul";"Colisão Lateral";1;0;1;0;0;0;0;0;0;0;2;1;0;0;0
"19/03/2024";"01:59:40";"140";"Sinistro s";"223.1";"PR-151";"Leste";"Choque";0;0;1;0;0;0;0;0;0;0;1;0;0;0;0
"19/03/2024";"03:57:49";"163";"Sinistro s";"35.15";"BR-277/PR";"Oeste";"Colisão Traseira";0;0;0;0;0;0;0;0;0;0;4;0;0;0;0
"19/03/2024";"04:09:12";"165";"Sinistro s";"281.97";"PR-151";"Oeste";"Saída de Pista";1;0;0;0;0;0;0;0;0;0;2;0;0;0;0
"19/03/2024";"08:56:21";"208";"Sinistro s";"69.33";"BR-277/PR";"Oeste";"Saída de Pista";1;0;0;0;0;0;0;0;0;0;1;0;0;0;0
"19/03/2024";"09:46:53";"213";"Sinistro c";"310.65";"PR-151";"Leste";"Colisão Lateral";1;0;0;1;0;0;0;0;0;0;1;1;0;0;0
"20/03/2024";"04:26:09";"23";"Sinistro s";"32.186";"BR-277/PR";"Oeste";"Tombamento";0;0;1;0;0;0;0;0;0;0;1;0;0;0;0
"20/03/2024";"08:42:00";"60";"Sinistro c";"215.8";"PR-151";"Leste";"Colisão Frontal";1;0;1;0;0;0;0;0;0;0;2;3;0;0;0
"20/03/2024";"09:49:36";"73";"Sinistro c";"1.5";"BR-277/PR";"Oeste";"Colisão Lateral";1;0;0;1;0;0;0;0;0;0;1;1;0;0;0
"20/03/2024";"12:01:29";"92";"Sinistro c";"40.1";"BR-277/PR";"Leste";"Choque";0;0;1;0;0;0;0;0;0;0;0;1;0;0;0
"20/03/2024";"12:45:26";"97";"Sinistro s";"66.2";"BR-277/PR";"Leste";"Choque";1;0;0;0;0;0;0;0;0;0;0;0;0;0;0
"20/03/2024";"08:38:21";"162";"Sinistro c";"6.45";"BR-153/PR";"Sul";"Queda de Moto";0;0;0;1;0;0;0;0;0;0;0;1;0;0;0
"21/03/2024";"06:45:00";"49";"Sinistro c";"74.8";"BR-277/PR";"Oeste";"Colisão Traseira";1;0;0;1;0;0;0;0;0;0;1;1;0;0;0
"21/03/2024";"06:47:59";"51";"Sinistro s";"42.1";"BR-277/PR";"Leste";"Colisão Traseira";0;0;2;0;0;0;0;0;0;0;3;0;0;0;0
"21/03/2024";"11:47:37";"113";"Sinistro s";"5.3";"BR-277/PR";"Leste";"Saída de Pista";1;0;0;0;0;0;0;0;0;0;1;0;0;0;0
"21/03/2024";"01:06:00";"123";"Sinistro s";"220.5";"PR-151";"Oeste";"Choque";1;0;0;0;0;0;0;0;0;0;1;0;0;0;0
"21/03/2024";"01:49:00";"129";"Sinistro c";"208";"PR-151";"Leste";"Tombamento";0;0;1;0;0;0;0;0;0;0;0;2;0;0;0
"21/03/2024";"02:26:50";"132";"Sinistro c";"19.5";"BR-369/PR";"Oeste";"Colisão Traseira";2;0;0;0;0;0;0;0;0;0;0;2;0;0;0
"21/03/2024";"07:25:00";"172";"Sinistro s";"275.9";"PR-151";"Leste";"Saída de Pista";0;0;0;0;0;0;0;0;0;0;1;0;0;0;0
"21/03/2024";"11:34:27";"212";"Sinistro c";"303.8";"PR-151";"Oeste";"Colisão Traseira";0;0;2;0;0;0;0;0;0;0;1;0;1;0;0
"22/03/2024";"05:50:03";"36";"Sinistro s";"299.62";"PR-151";"Leste";"Choque";0;0;1;0;0;0;0;0;0;0;1;0;0;0;0
"22/03/2024";"06:22:27";"37";"Sinistro s";"36.351";"BR-277/PR";"Leste";"Colisão Traseira";0;0;2;0;0;0;0;0;0;0;2;0;0;0;0
"22/03/2024";"06:33:26";"39";"Sinistro s";"36.351";"BR-277/PR";"Leste";"Choque";1;0;0;0;0;0;0;0;0;0;1;0;0;0;0
"22/03/2024";"07:19:42";"49";"Sinistro s";"33.9";"BR-277/PR";"Oeste";"Saída de Pista";0;0;0;0;0;0;0;0;0;0;1;0;0;0;0
"22/03/2024";"07:34:00";"55";"Sinistro s";"0.037";"PR-407";"Norte";"Tombamento";0;0;1;0;0;0;0;0;0;0;1;0;0;0;0
"22/03/2024";"07:51:44";"65";"Sinistro c";"80.5";"BR-277/PR";"Oeste";"Colisão Lateral";1;0;0;0;0;0;0;0;0;0;1;1;0;0;0
"22/03/2024";"02:43:00";"159";"Sinistro s";"21.075";"BR-153/PR";"Sul";"Choque";0;0;1;0;0;0;0;0;0;0;1;0;0;0;0
"22/03/2024";"06:12:54";"183";"Sinistro c";"264.2";"PR-151";"Leste";"Tombamento";0;0;1;0;0;0;0;0;0;0;0;0;0;1;0
"22/03/2024";"06:13:58";"184";"Sinistro s";"83.63";"BR-277/PR";"Oeste";"Colisão Traseira";2;0;0;0;0;0;0;0;0;0;2;0;0;0;0
"22/03/2024";"06:46:17";"187";"Sinistro c";"83.69";"BR-277/PR";"Leste";"Engavetamento";2;0;0;1;0;0;0;0;0;0;2;1;0;0;0
"22/03/2024";"10:51:31";"206";"Sinistro s";"31.95";"BR-277/PR";"Leste";"Saída de Pista";1;0;0;0;0;0;0;0;0;0;1;0;0;0;0
"23/03/2024";"06:58:59";"31";"Sinistro s";"258.5";"PR-151";"Leste";"Saída de Pista";1;0;0;0;0;0;0;0;0;0;1;0;0;0;0
"23/03/2024";"08:42:01";"40";"Sinistro s";"239.6";"PR-151";"Oeste";"Atropelamento de Animal";1;0;0;0;0;0;0;0;0;0;1;0;0;0;0
"23/03/2024";"11:07:28";"59";"Sinistro s";"60.2";"BR-277/PR";"Oeste";"Engavetamento";3;0;0;0;0;0;0;0;0;0;4;0;0;0;0
"23/03/2024";"12:04:30";"68";"Sinistro s";"36.8";"BR-277/PR";"Leste";"Área de Escape";0;0;1;0;0;0;0;0;0;0;1;0;0;0;0
"23/03/2024";"01:09:12";"73";"Sinistro c";"32.1";"BR-277/PR";"Oeste";"Capotamento";0;0;0;0;0;0;0;0;0;0;0;2;0;0;0
"23/03/2024";"05:23:40";"108";"Sinistro s";"43.725";"BR-277/PR";"Oeste";"Saída de Pista";1;0;0;0;0;0;0;0;0;0;2;0;0;0;0
"23/03/2024";"08:52:00";"129";"Sinistro c";"71.01";"BR-277/PR";"Leste";"Colisão Lateral";2;0;0;0;0;0;0;0;0;0;1;1;0;0;0
"23/03/2024";"09:14:00";"132";"Sinistro s";"22.01";"BR-277/PR";"Oeste";"Colisão Lateral";1;0;0;1;0;0;0;0;0;0;2;0;0;0;0
"24/03/2024";"04:09:00";"11";"Sinistro s";"17.78";"BR-277/PR";"Leste";"Saída de Pista";1;0;0;0;0;0;0;0;0;0;1;0;0;0;0
"24/03/2024";"06:09:00";"14";"Sinistro c";"5.632";"BR-277/PR";"Oeste";"Colisão Traseira";1;0;1;0;0;0;0;0;0;0;1;0;0;0;1
"24/03/2024";"09:31:03";"30";"Sinistro c";"195.25";"PR-151";"Leste";"Tombamento";0;0;1;0;0;0;0;0;0;0;0;0;1;0;0
"24/03/2024";"12:50:37";"44";"Sinistro s";"312.1";"PR-151";"Leste";"Capotamento";0;0;0;0;0;0;0;0;0;0;3;0;0;0;0
"24/03/2024";"04:41:00";"68";"Sinistro s";"0.1";"PR-508";"Norte";"Saída de Pista";0;0;0;0;0;0;0;0;0;0;1;0;0;0;0
"24/03/2024";"05:36:00";"76";"Sinistro c";"32.85";"BR-277/PR";"Leste";"Capotamento";1;0;0;0;0;0;0;0;0;0;0;2;0;0;0
"24/03/2024";"06:12:36";"81";"Sinistro s";"33.11";"BR-277/PR";"Oeste";"Choque";1;0;0;0;0;0;0;0;0;0;1;0;0;0;0
"24/03/2024";"06:53:23";"84";"Sinistro s";"9.11";"BR-277/PR";"Leste";"Saída de Pista";1;0;0;0;0;0;0;0;0;0;1;0;0;0;0
"24/03/2024";"07:07:00";"86";"Sinistro s";"37.55";"BR-277/PR";"Leste";"Queda de Moto";0;0;0;1;0;0;0;0;0;0;1;0;0;0;0
"24/03/2024";"10:49:00";"100";"Sinistro c";"293.23";"PR-151";"Leste";"Capotamento";1;0;0;0;0;0;0;0;0;0;0;0;1;1;0
"25/03/2024";"07:46:07";"24";"Sinistro c";"75.48";"BR-277/PR";"Oeste";"Colisão Traseira";1;0;0;1;0;0;0;0;0;0;1;2;0;0;0
"25/03/2024";"07:56:33";"29";"Sinistro s";"53.02";"BR-277/PR";"Oeste";"Choque";1;0;0;0;0;0;0;0;0;0;1;0;0;0;0
"25/03/2024";"10:31:43";"72";"Sinistro s";"314.12";"PR-151";"Oeste";"Queda de Moto";0;0;0;1;0;0;0;0;0;0;1;0;0;0;0
"25/03/2024";"01:18:00";"97";"Sinistro c";"0.8";"BR-277/PR";"Leste";"Colisão Transversal";0;1;0;1;0;0;0;0;0;0;0;2;0;0;0
"25/03/2024";"07:27:50";"146";"Sinistro s";"60.84";"BR-277/PR";"Leste";"Saída de Pista";0;0;0;0;0;0;0;0;0;1;2;0;0;0;0
"25/03/2024";"11:57:00";"171";"Sinistro c";"1.5";"PR-407";"Sul";"Queda de Moto";0;0;0;1;0;0;0;0;0;0;0;1;0;0;0
"26/03/2024";"09:04:10";"88";"Sinistro s";"213.9";"PR-151";"Oeste";"Colisão Lateral";2;0;0;0;0;0;0;0;0;0;2;0;0;0;0
"26/03/2024";"11:27:20";"110";"Sinistro s";"178.8";"PR-151";"Leste";"Tombamento";0;0;1;0;0;0;0;0;0;0;1;0;0;0;0
"26/03/2024";"04:25:05";"142";"Sinistro c";"225.6";"PR-151";"Oeste";"Tombamento";0;0;1;0;0;0;0;0;0;0;0;1;0;0;0
"26/03/2024";"10:27:43";"189";"Sinistro s";"214.9";"PR-151";"Oeste";"Colisão Traseira";2;0;0;0;0;0;0;0;0;0;3;0;0;0;0
"27/03/2024";"06:33:38";"24";"Sinistro c";"68.1";"BR-277/PR";"Oeste";"Capotamento";1;0;0;0;0;0;0;0;0;0;0;0;0;1;0
"27/03/2024";"07:17:47";"36";"Sinistro s";"312.918";"PR-151";"Leste";"Colisão Traseira";2;0;0;0;0;0;0;0;0;0;2;0;0;0;0
"27/03/2024";"08:00:00";"52";"Sinistro s";"83.2";"BR-277/PR";"Oeste";"Colisão Lateral";2;0;0;1;0;0;0;0;0;0;3;0;0;0;0
"27/03/2024";"08:09:00";"54";"Sinistro s";"312.968";"PR-151";"Leste";"Colisão Traseira";0;0;0;0;0;0;0;0;0;2;2;0;0;0;0
"27/03/2024";"08:59:24";"70";"Sinistro s";"312.81";"PR-151";"Leste";"Colisão Traseira";0;0;1;0;0;0;0;0;0;1;2;0;0;0;0
"28/03/2024";"03:50:00";"17";"Sinistro s";"53.95";"BR-277/PR";"Oeste";"Colisão Traseira";0;0;1;0;0;0;0;0;0;0;1;0;0;0;0
"28/03/2024";"05:42:28";"22";"Sinistro s";"12.02";"BR-277/PR";"Oeste";"Saída de Pista";1;0;0;0;0;0;0;0;0;0;1;0;0;0;0
"28/03/2024";"06:38:16";"32";"Sinistro s";"38.5";"BR-277/PR";"Leste";"Colisão Traseira";0;0;2;0;0;0;0;0;0;0;2;0;0;0;0
"28/03/2024";"07:19:21";"50";"Sinistro c";"79.7";"BR-277/PR";"Oeste";"Colisão Lateral";1;0;0;1;0;0;0;0;0;0;1;0;1;0;0
"28/03/2024";"09:37:32";"78";"Sinistro s";"29.77";"BR-153/PR";"Sul";"Colisão Traseira";2;0;0;0;0;0;0;0;0;0;4;0;0;0;0
"28/03/2024";"10:33:36";"84";"Sinistro c";"305.6";"PR-151";"Oeste";"Choque";1;0;0;0;0;0;0;0;0;0;0;1;0;0;0
"28/03/2024";"04:39:01";"142";"Sinistro s";"82.01";"BR-277/PR";"Leste";"Engavetamento";3;0;0;0;0;0;0;0;0;0;3;0;0;0;0
"28/03/2024";"04:40:28";"143";"Sinistro s";"0.149";"PR-855";"Leste";"Choque";0;0;0;0;0;0;0;0;0;0;1;0;0;0;0
"28/03/2024";"05:28:13";"154";"Sinistro c";"61.01";"BR-277/PR";"Leste";"Colisão Traseira";1;0;0;0;0;1;0;0;0;0;1;1;0;0;0
"28/03/2024";"05:42:06";"155";"Sinistro c";"36.41";"BR-277/PR";"Leste";"Tombamento";0;0;1;1;0;0;0;0;0;0;1;0;0;1;0
"28/03/2024";"07:42:01";"167";"Sinistro c";"51.1";"BR-369/PR";"Leste";"Queda de Moto";0;0;0;1;0;0;0;0;0;0;0;0;1;0;0
"29/03/2024";"03:32:49";"19";"Sinistro c";"5.739";"BR-369/PR";"Oeste";"Colisão Frontal";1;0;1;0;0;0;0;0;0;0;1;1;0;1;0
"29/03/2024";"06:57:00";"26";"Sinistro c";"1.16";"PR-408";"Sul";"Capotamento";1;0;0;0;0;0;0;0;0;0;0;3;0;0;0
"29/03/2024";"09:04:56";"34";"Sinistro c";"26.4";"PR-508";"Sul";"Capotamento";1;0;0;0;0;0;0;0;0;0;2;2;0;0;0
"29/03/2024";"10:48:46";"134";"Sinistro c";"11.75";"BR-277/PR";"Oeste";"Colisão Lateral";0;0;1;0;0;1;0;0;0;0;1;0;1;0;0
"30/03/2024";"05:25:32";"16";"Sinistro s";"291.01";"PR-151";"Oeste";"Saída de Pista";1;0;0;0;0;0;0;0;0;0;3;0;0;0;0
"30/03/2024";"06:47:30";"105";"Sinistro c";"69.1";"BR-277/PR";"Leste";"Colisão Traseira";0;0;0;1;0;1;0;0;0;0;0;0;1;0;0
"30/03/2024";"07:17:22";"109";"Sinistro c";"33.2";"BR-277/PR";"Leste";"Queda de Moto";0;0;0;1;0;0;0;0;0;0;0;1;0;0;0
"30/03/2024";"09:35:56";"127";"Sinistro s";"27.1";"BR-277/PR";"Leste";"Queda de Moto";0;0;0;1;0;0;0;0;0;0;1;0;0;0;0
"31/03/2024";"04:54:24";"20";"Sinistro s";"258.95";"PR-151";"Leste";"Saída de Pista";1;0;0;0;0;0;0;0;0;0;1;0;0;0;0
"31/03/2024";"06:03:00";"21";"Sinistro c";"312.15";"PR-151";"Oeste";"Queda de Moto";0;0;0;1;0;0;0;0;0;0;0;1;0;0;0
"31/03/2024";"12:28:00";"61";"Sinistro s";"6.6";"BR-277/PR";"Oeste";"Choque";1;0;0;0;0;0;0;0;0;0;3;0;0;0;0
"31/03/2024";"02:54:00";"88";"Sinistro s";"23.1";"BR-277/PR";"Oeste";"Saída de Pista";1;0;0;0;0;0;0;0;0;0;1;0;0;0;0
"31/03/2024";"05:33:00";"129";"Sinistro s";"218.12";"PR-151";"Oeste";"Colisão Lateral";2;0;0;0;0;0;0;0;0;0;5;0;0;0;0
"31/03/2024";"08:09:40";"167";"Sinistro c";"3.01";"PR-408";"Norte";"Queda de Moto";0;0;0;1;0;0;0;0;0;0;1;1;0;0;0
"31/03/2024";"11:33:10";"210";"Sinistro c";"9.126";"BR-153/PR";"Sul";"Colisão Lateral";1;0;1;0;0;0;0;0;0;0;1;1;0;0;0